<?xml version="1.0" encoding="UTF-8"?>
<metadata xml:lang="en"><Esri><CreaDate>20230904</CreaDate><CreaTime>09571300</CreaTime><ArcGISFormat>1.0</ArcGISFormat><SyncOnce>TRUE</SyncOnce><DataProperties><itemProps><itemLocation><linkage Sync="TRUE">file://\\PC153489\C$\TEMP\jez\Archive\pointshp_1</linkage><protocol Sync="TRUE">Local Area Network</protocol></itemLocation></itemProps><copyHistory><copy source="C:\TEMP\jez\Archive\__MACOSX\pointshp" dest="\\PC153489\C$\TEMP\jez\Archive\pointshp_1" date="20230904" time="09571300"></copy></copyHistory><lineage><Process ToolSource="c:\program files\arcgis\pro\Resources\ArcToolbox\toolboxes\Data Management Tools.tbx\Copy" Date="20230904" Time="095655">Copy C:\TEMP\jez\Archive\pointshp.shp C:\TEMP\jez\Archive\__MACOSX\pointshp.shp Shapefile #</Process><Process ToolSource="c:\program files\arcgis\pro\Resources\ArcToolbox\toolboxes\Data Management Tools.tbx\Copy" Date="20230904" Time="095713">Copy C:\TEMP\jez\Archive\__MACOSX\pointshp.shp C:\TEMP\jez\Archive\pointshp_1.shp Shapefile #</Process><Process ToolSource="c:\program files\arcgis\pro\Resources\ArcToolbox\toolboxes\Data Management Tools.tbx\Rename" Date="20230904" Time="095730">Rename C:\TEMP\jez\Archive\pointshp_1.shp C:\TEMP\jez\Archive\pointshp_RepairGeo.shp ShapeFile</Process><Process ToolSource="c:\program files\arcgis\pro\Resources\ArcToolbox\toolboxes\Data Management Tools.tbx\RepairGeometry" Date="20230904" Time="095745">RepairGeometry pointshp_RepairGeo DELETE_NULL OGC</Process></lineage></DataProperties></Esri></metadata>
